{
  "_fv": 33,
  "_type": "achievement",
  "definition": {
    "achievementName": "Heysamarche",
    "achievementDescription": "sa marche la caliss",
    "achievementIcon": {
      "value": "Blocks.GRASS"
    },
    "background": "Default",
    "disableDisplay": false,
    "showPopup": true,
    "announceToChat": true,
    "hideIfNotCompleted": false,
    "rewardLoot": [],
    "rewardRecipes": [],
    "rewardFunction": "No function",
    "rewardXP": 0,
    "achievementType": "task",
    "parent": {
      "value": "No parent: root"
    },
    "triggerxml": "<xml xmlns=\"https://developers.google.com/blockly/xml\"><block type=\"block_placed\" x=\"16\" y=\"8\"><value name=\"block\"><block type=\"mcitem_allblocks\"><field name=\"value\">Blocks.CUT_COPPER</field></block></value><next><block type=\"advancement_trigger\" deletable=\"false\"></block></next></block></xml>"
  }
}