{
  "variants": {
    "facing=east,half=bottom,shape=straight": {
      "model": "more_slabs_and_stairs:block/escalier_beton_gris_claire"
    },
    "facing=west,half=bottom,shape=straight": {
      "model": "more_slabs_and_stairs:block/escalier_beton_gris_claire",
      "y": 180,
      "uvlock": true
    },
    "facing=south,half=bottom,shape=straight": {
      "model": "more_slabs_and_stairs:block/escalier_beton_gris_claire",
      "y": 90,
      "uvlock": true
    },
    "facing=north,half=bottom,shape=straight": {
      "model": "more_slabs_and_stairs:block/escalier_beton_gris_claire",
      "y": 270,
      "uvlock": true
    },
    "facing=east,half=bottom,shape=inner_right": {
      "model": "more_slabs_and_stairs:block/escalier_beton_gris_claire_inner"
    },
    "facing=west,half=bottom,shape=inner_right": {
      "model": "more_slabs_and_stairs:block/escalier_beton_gris_claire_inner",
      "y": 180,
      "uvlock": true
    },
    "facing=south,half=bottom,shape=inner_right": {
      "model": "more_slabs_and_stairs:block/escalier_beton_gris_claire_inner",
      "y": 90,
      "uvlock": true
    },
    "facing=north,half=bottom,shape=inner_right": {
      "model": "more_slabs_and_stairs:block/escalier_beton_gris_claire_inner",
      "y": 270,
      "uvlock": true
    },
    "facing=east,half=bottom,shape=inner_left": {
      "model": "more_slabs_and_stairs:block/escalier_beton_gris_claire_inner",
      "y": 270,
      "uvlock": true
    },
    "facing=west,half=bottom,shape=inner_left": {
      "model": "more_slabs_and_stairs:block/escalier_beton_gris_claire_inner",
      "y": 90,
      "uvlock": true
    },
    "facing=south,half=bottom,shape=inner_left": {
      "model": "more_slabs_and_stairs:block/escalier_beton_gris_claire_inner"
    },
    "facing=north,half=bottom,shape=inner_left": {
      "model": "more_slabs_and_stairs:block/escalier_beton_gris_claire_inner",
      "y": 180,
      "uvlock": true
    },
    "facing=east,half=top,shape=straight": {
      "model": "more_slabs_and_stairs:block/escalier_beton_gris_claire",
      "x": 180,
      "uvlock": true
    },
    "facing=west,half=top,shape=straight": {
      "model": "more_slabs_and_stairs:block/escalier_beton_gris_claire",
      "x": 180,
      "y": 180,
      "uvlock": true
    },
    "facing=south,half=top,shape=straight": {
      "model": "more_slabs_and_stairs:block/escalier_beton_gris_claire",
      "x": 180,
      "y": 90,
      "uvlock": true
    },
    "facing=north,half=top,shape=straight": {
      "model": "more_slabs_and_stairs:block/escalier_beton_gris_claire",
      "x": 180,
      "y": 270,
      "uvlock": true
    },
    "facing=east,half=top,shape=outer_right": {
      "model": "more_slabs_and_stairs:block/escalier_beton_gris_claire_outer",
      "x": 180,
      "y": 90,
      "uvlock": true
    },
    "facing=west,half=top,shape=outer_right": {
      "model": "more_slabs_and_stairs:block/escalier_beton_gris_claire_outer",
      "x": 180,
      "y": 270,
      "uvlock": true
    },
    "facing=south,half=top,shape=outer_right": {
      "model": "more_slabs_and_stairs:block/escalier_beton_gris_claire_outer",
      "x": 180,
      "y": 180,
      "uvlock": true
    },
    "facing=north,half=top,shape=outer_right": {
      "model": "more_slabs_and_stairs:block/escalier_beton_gris_claire_outer",
      "x": 180,
      "uvlock": true
    },
    "facing=east,half=top,shape=outer_left": {
      "model": "more_slabs_and_stairs:block/escalier_beton_gris_claire_outer",
      "x": 180,
      "uvlock": true
    },
    "facing=west,half=top,shape=outer_left": {
      "model": "more_slabs_and_stairs:block/escalier_beton_gris_claire_outer",
      "x": 180,
      "y": 180,
      "uvlock": true
    },
    "facing=south,half=top,shape=outer_left": {
      "model": "more_slabs_and_stairs:block/escalier_beton_gris_claire_outer",
      "x": 180,
      "y": 90,
      "uvlock": true
    },
    "facing=north,half=top,shape=outer_left": {
      "model": "more_slabs_and_stairs:block/escalier_beton_gris_claire_outer",
      "x": 180,
      "y": 270,
      "uvlock": true
    },
    "facing=east,half=top,shape=inner_right": {
      "model": "more_slabs_and_stairs:block/escalier_beton_gris_claire_inner",
      "x": 180,
      "y": 90,
      "uvlock": true
    },
    "facing=west,half=top,shape=inner_right": {
      "model": "more_slabs_and_stairs:block/escalier_beton_gris_claire_inner",
      "x": 180,
      "y": 270,
      "uvlock": true
    },
    "facing=south,half=top,shape=inner_right": {
      "model": "more_slabs_and_stairs:block/escalier_beton_gris_claire_inner",
      "x": 180,
      "y": 180,
      "uvlock": true
    },
    "facing=north,half=top,shape=inner_right": {
      "model": "more_slabs_and_stairs:block/escalier_beton_gris_claire_inner",
      "x": 180,
      "uvlock": true
    },
    "facing=east,half=top,shape=inner_left": {
      "model": "more_slabs_and_stairs:block/escalier_beton_gris_claire_inner",
      "x": 180,
      "uvlock": true
    },
    "facing=west,half=top,shape=inner_left": {
      "model": "more_slabs_and_stairs:block/escalier_beton_gris_claire_inner",
      "x": 180,
      "y": 180,
      "uvlock": true
    },
    "facing=south,half=top,shape=inner_left": {
      "model": "more_slabs_and_stairs:block/escalier_beton_gris_claire_inner",
      "x": 180,
      "y": 90,
      "uvlock": true
    },
    "facing=north,half=top,shape=inner_left": {
      "model": "more_slabs_and_stairs:block/escalier_beton_gris_claire_inner",
      "x": 180,
      "y": 270,
      "uvlock": true
    },
    "facing=east,half=bottom,shape=outer_right": {
      "model": "more_slabs_and_stairs:block/escalier_beton_gris_claire_outer"
    },
    "facing=west,half=bottom,shape=outer_right": {
      "model": "more_slabs_and_stairs:block/escalier_beton_gris_claire_outer",
      "y": 180,
      "uvlock": true
    },
    "facing=south,half=bottom,shape=outer_right": {
      "model": "more_slabs_and_stairs:block/escalier_beton_gris_claire_outer",
      "y": 90,
      "uvlock": true
    },
    "facing=north,half=bottom,shape=outer_right": {
      "model": "more_slabs_and_stairs:block/escalier_beton_gris_claire_outer",
      "y": 270,
      "uvlock": true
    },
    "facing=east,half=bottom,shape=outer_left": {
      "model": "more_slabs_and_stairs:block/escalier_beton_gris_claire_outer",
      "y": 270,
      "uvlock": true
    },
    "facing=west,half=bottom,shape=outer_left": {
      "model": "more_slabs_and_stairs:block/escalier_beton_gris_claire_outer",
      "y": 90,
      "uvlock": true
    },
    "facing=south,half=bottom,shape=outer_left": {
      "model": "more_slabs_and_stairs:block/escalier_beton_gris_claire_outer"
    },
    "facing=north,half=bottom,shape=outer_left": {
      "model": "more_slabs_and_stairs:block/escalier_beton_gris_claire_outer",
      "y": 180,
      "uvlock": true
    }
  }
}