{
  "display": {
    "background": "minecraft:textures/block/stone.png",
    "icon": {
      "item": "minecraft:grass_block"
    },
    "title": {
      "translate": "advancements.heysamarche.title"
    },
    "description": {
      "translate": "advancements.heysamarche.descr"
    },
    "frame": "task",
    "show_toast": true,
    "announce_to_chat": true,
    "hidden": false
  },
  "criteria": {
    "heysamarche": {
      "trigger": "minecraft:placed_block",
      "conditions": {
        "item": {
          "items": [
            "minecraft:cut_copper"
          ]
        }
      }
    }
  }
}